id,title,score,num_comments,author,created_utc,url,over_18,edited,spoiler,stickied
1ekdopq,Do you need a Data Modeling Tool?,62,24,fuwei_reddit,2024-08-05 03:16:48,https://www.reddit.com/r/dataengineering/comments/1ekdopq/do_you_need_a_data_modeling_tool/,False,False,False,False
1ekll2o,So in your opinion whatâ€™s the best learning platform ? ,61,55,lemmeguessindian,2024-08-05 11:39:12,https://www.reddit.com/r/dataengineering/comments/1ekll2o/so_in_your_opinion_whats_the_best_learning/,False,False,False,False
1ekjjxg,How to spend training budget as a Senior Data Engineer / Data Scientist,36,10,murlurd,2024-08-05 09:32:49,https://www.reddit.com/r/dataengineering/comments/1ekjjxg/how_to_spend_training_budget_as_a_senior_data/,False,False,False,False
1ekr7ci,What does your stack look like?,32,3,SelectStarData,2024-08-05 15:48:25,https://i.redd.it/n19o9yoe9vgd1.png,False,False,False,False
1ekrys5,Managed Modern Data Stack vs Build it oneself,11,5,RepresentativePlus67,2024-08-05 16:18:55,https://www.reddit.com/r/dataengineering/comments/1ekrys5/managed_modern_data_stack_vs_build_it_oneself/,False,False,False,False
1eko67t,End-to-End Basic Data Engineering Tutorial (Apache Spark & Apache Superset),10,2,AMDataLake,2024-08-05 13:45:23,https://main.datalakehousehub.com/blog/2024-04-end-to-end-data-engineering-tutorial-ingest-dashboards/,False,False,False,False
1ekv33w,Not doing too much coding at my current job ,10,2,thro0away12,2024-08-05 18:23:18,https://www.reddit.com/r/dataengineering/comments/1ekv33w/not_doing_too_much_coding_at_my_current_job/,False,False,False,False
1eksm7p,"Applying for a DE positon at several banks/ finance institutions , What kind of challenges do data engineers face in the banking industry? ",6,2,Redxer,2024-08-05 16:45:01,https://www.reddit.com/r/dataengineering/comments/1eksm7p/applying_for_a_de_positon_at_several_banks/,False,False,False,False
1ek6neo,Confused about Airflow,7,8,life_punches,2024-08-04 21:37:27,https://www.reddit.com/r/dataengineering/comments/1ek6neo/confused_about_airflow/,False,False,False,False
1ekpek3,Partitioning with Entity with Rolling Arbitrary Key,8,2,PencilBoy99,2024-08-05 14:36:40,https://www.reddit.com/r/dataengineering/comments/1ekpek3/partitioning_with_entity_with_rolling_arbitrary/,False,False,False,False
1ekngx8,Is Apache OpenDAL used?,7,2,BaggiPonte,2024-08-05 13:14:04,https://www.reddit.com/r/dataengineering/comments/1ekngx8/is_apache_opendal_used/,False,False,False,False
1ekhiwg,"How to ensure consistent schema, datatype",4,3,Mammoth-Distance-364,2024-08-05 07:09:18,https://www.reddit.com/r/dataengineering/comments/1ekhiwg/how_to_ensure_consistent_schema_datatype/,False,False,False,False
1eksxn4,"Seeking alternative solutions for improved data extraction from long, unstructured documents.",5,1,Gujjubhai2019,2024-08-05 16:57:52,https://www.reddit.com/r/dataengineering/comments/1eksxn4/seeking_alternative_solutions_for_improved_data/,False,False,False,False
1ekvinp,What are some possible career paths that I could take?,4,2,sidewallkslammer,2024-08-05 18:40:37,https://www.reddit.com/r/dataengineering/comments/1ekvinp/what_are_some_possible_career_paths_that_i_could/,False,False,False,False
1ektiv2,Kimball: business processes,4,2,Amar_K1,2024-08-05 17:21:16,https://www.reddit.com/r/dataengineering/comments/1ektiv2/kimball_business_processes/,False,False,False,False
1ekn3fe,13 Ways to Optimize Snowflake Autoscaler,2,0,codingdecently,2024-08-05 12:57:09,https://overcast.blog/13-ways-to-optimize-snowflake-autoscaler-07e403474815,False,False,False,False
1ekljig,Astronomer costing reference,6,0,aawaracuttingchai,2024-08-05 11:36:39,https://www.reddit.com/r/dataengineering/comments/1ekljig/astronomer_costing_reference/,False,False,False,False
1ekhfyu,Model Versions in Data Build Tool,6,0,nydasco,2024-08-05 07:03:52,https://www.reddit.com/r/dataengineering/comments/1ekhfyu/model_versions_in_data_build_tool/,False,False,False,False
1ekkfy3,How to Get or Create in PostgreSQL,4,0,be_haki,2024-08-05 10:30:38,https://hakibenita.com/postgresql-get-or-create,False,False,False,False
1ek9cia,DBR to MSSQL table write in spark 3.5 ,3,3,engg_garbage98,2024-08-04 23:38:11,https://www.reddit.com/r/dataengineering/comments/1ek9cia/dbr_to_mssql_table_write_in_spark_35/,False,False,False,False
1ekvc6x,GDPR compliance course ,2,1,AndroidePsicokiller,2024-08-05 18:33:27,https://www.reddit.com/r/dataengineering/comments/1ekvc6x/gdpr_compliance_course/,False,False,False,False
1ekuxxj,Good resource to understand Spark ui for optimisation ,2,1,Pleasant_Research_43,2024-08-05 18:17:37,https://www.reddit.com/r/dataengineering/comments/1ekuxxj/good_resource_to_understand_spark_ui_for/,False,False,False,False
1ekvhal,"Databricks - advice for deploy within VNet, allow public internet access?",1,1,scan-horizon,2024-08-05 18:39:09,https://www.reddit.com/r/dataengineering/comments/1ekvhal/databricks_advice_for_deploy_within_vnet_allow/,False,False,False,False
1ektb55,delta-change-detector,1,0,KnotKnick,2024-08-05 17:12:41,https://pypi.org/project/delta-change-detector/,False,False,False,False
1ekjpsr,Can I Learn AZ-900 and DP-900 from Udemy and Only Get Certified in DP-203?,1,2,shurmimen_dude,2024-08-05 09:44:14,https://www.reddit.com/r/dataengineering/comments/1ekjpsr/can_i_learn_az900_and_dp900_from_udemy_and_only/,False,False,False,False
1ekin8t,aws glue data catalog vs aws redshift ,1,0,Tuan_coder,2024-08-05 08:28:59,https://www.reddit.com/r/dataengineering/comments/1ekin8t/aws_glue_data_catalog_vs_aws_redshift/,False,False,False,False
1ekidnm,Ratio of BA to DE/DS effort,1,7,Millipedefeet,2024-08-05 08:09:26,https://www.reddit.com/r/dataengineering/comments/1ekidnm/ratio_of_ba_to_deds_effort/,False,False,False,False
